n_neighbors,MSE
1,0.0
2,305.58127942823324
3,443.1017559044303
4,512.3396631150896
5,563.5268119515428
6,599.3976383495417
7,627.3557045417688
8,644.4250358983935
9,662.5338159973712
10,673.366054866082
