n_estimators,max_depth,accuracy
100,,0.9473684210526315
100,10.0,0.9473684210526315
100,20.0,0.9473684210526315
100,30.0,0.9473684210526315
200,,0.9473684210526315
200,10.0,0.9473684210526315
200,20.0,0.9473684210526315
200,30.0,0.9473684210526315
300,,0.9473684210526315
300,10.0,0.9473684210526315
300,20.0,0.9473684210526315
300,30.0,0.9473684210526315
